<?xml version="1.0" encoding="UTF-8"?>
<preferences>
 <debug showDebugMenu="0" />
 <systemtable filter="All Interfaces">
  <columns>
   <connections preferredWidth="143" />
   <irq preferredWidth="34" />
  </columns>
 </systemtable>
 <library
   expandedCategories="Project,Library,Library/Basic Functions/Simulation; Debug and Verification,Library/Basic Functions/Simulation; Debug and Verification/Debug and Performance,Library/Basic Functions" />
 <window width="1936" height="1048" x="1912" y="-8" />
</preferences>
