<?xml version="1.0" encoding="UTF-8"?>
<preferences>
 <debug showDebugMenu="0" />
 <systemtable filter="All Interfaces">
  <columns>
   <connections preferredWidth="143" />
   <irq preferredWidth="34" />
  </columns>
 </systemtable>
 <library
   expandedCategories="Library/Processors and Peripherals,Library/Processors and Peripherals/Embedded Processors,Library/Basic Functions/Simulation; Debug and Verification,Library/Basic Functions/Simulation; Debug and Verification/Debug and Performance,Library,Library/Interface Protocols,Library/Interface Protocols/Serial,Project,Library/Basic Functions,Library/Processors and Peripherals/Peripherals" />
 <window width="1768" height="800" x="0" y="0" />
 <generation synthesis="VHDL" />
</preferences>
